latitude          ,longitude
52.077125916213674,4.338162001160657
52.064227045462275,4.252607575599065
52.054885374263755,4.2399250335020655
52.052439938049574,4.244071146298437
52.05408255214082 ,4.313526728136528
52.06824940250089 ,4.2898212083266065
52.06978749986846 ,4.292656850790878
52.073639143254674,4.287018913529227
52.07385197377903 ,4.2974250055259064
52.06650493528557 ,4.2975235304977115
52.068394622395026,4.298659902420811
52.06641364895884 ,4.300776870918144
52.0660754498604  ,4.303940192170198
52.08199812384367 ,4.293879359548566
52.102024113912755,4.302304774043896
52.090556146175224,4.295874038261587
52.06873862338458 ,4.3069796644799085
52.09053832914668 ,4.295852245660804
52.07212426812848 ,4.313207836412013
52.04927612992618 ,4.234480146591058
52.049673669612034,4.2463434303115735
52.068703699447106,4.294401351107015
52.072781612447024,4.302388586050888
52.073547555749684,4.319858091737054
52.07372744457627 ,4.312406055767535
52.07376884089692 ,4.305900760063005
52.06413072953431 ,4.3468488439273285
52.06778382239296 ,4.346344033665067
52.069080966475106,4.337572801430613
52.06762973848277 ,4.269394082994063
52.05599855288682 ,4.2470509632497535
52.049873076852855,4.220182767029675
52.05242748107827 ,4.244115300035583
52.084874014501565,4.272405759198821
52.08773645407003 ,4.286132381349941
52.043157068884824,4.3643959182280065
52.0389741041106  ,4.274832672711346
52.05131589366581 ,4.272388303069108
52.040423225137914,4.289083993143572
52.050155874410066,4.28189939836191
52.05978478940274 ,4.258003905856199
52.05661745221597 ,4.261279264154265
52.06117561893281 ,4.239280350789575
52.0671275578135  ,4.293364400194728
52.07272150353703 ,4.323272022947843
52.07560026156935 ,4.308775856268025
52.075548836307675,4.312612554220235
52.05911019743246 ,4.30698253499169
52.0800272825646  ,4.324886701419627
52.07018009666295 ,4.282983453659053
52.0804107794463  ,4.281084765403791
52.04738033242171 ,4.251387716454206
52.07345321115167 ,4.254010554916841
52.0724493600449  ,4.255702795227902
52.07314829234379 ,4.290725070679716
52.06136497615037 ,4.24658479610587
52.063105430033005,4.259221968098143
52.04625331811675 ,4.246801413927476
52.078780762186014,4.3103580841066815
52.08017289017937 ,4.3106958490009735
52.0834943438231  ,4.313311659524959
52.07690639575764 ,4.31891705474725
52.065459567568205,4.313685261829463
52.06570669813716 ,4.3108844825510815
52.06065933280608 ,4.394750295341432
52.060488926028754,4.278646916827014
52.0593856839766  ,4.3607103677920875
52.085391430058486,4.283276535095971
52.052928447246295,4.400247916787703
52.08796102969893 ,4.303333949294067
52.11317997230647 ,4.291160459008525
52.076216068147495,4.243877653542695
52.068323457773324,4.240496191903713
52.062502991009566,4.227299246979738
52.05843189949172 ,4.318802433168683
52.05172523340429 ,4.300564592643062
52.05615199952428 ,4.307002076131055
52.06038752617774 ,4.277392893802362
52.043096418006364,4.251630263866203
52.03911286061521 ,4.267458373275062
52.0391283239413  ,4.267457504161927
52.033224229791365,4.264652667022315
52.0306368510215  ,4.259496385144404
52.0327077584172  ,4.258892045710241
52.03406375063498 ,4.260250202347622
52.03404799563835 ,4.260251117613082
52.068400975066034,4.2842529500901945
52.066774344923026,4.412925999929938
52.06431110327755 ,4.415771778574843
52.090697130077494,4.2749414372973344
52.08224699617204 ,4.2653838486566285
52.091334645976026,4.262800578536115
52.06334203317731 ,4.229093906502713
52.06330922399029 ,4.227437962791187
52.06496930445328 ,4.226227484275294
52.10408517066878 ,4.270944397315263
52.10360876249769 ,4.273963006161878
52.07141687005745 ,4.303215393284192
52.070845065923926,4.301035794453325
52.10420815179853 ,4.270707585252306
52.023308189193074,4.294361836713323
52.03405873152932 ,4.257594750625014
52.054952058612564,4.296593076013278
52.03381159704927 ,4.256525830606135
52.046995965443706,4.274086503885815
52.06373608001729 ,4.363223225329846
52.060300210977005,4.241346792215042
52.07791040609542 ,4.309844431177739
52.08292489312189 ,4.315472145770467
52.080153409699534,4.318295737917713
52.0845556593211  ,4.299499193350569
52.08656897344656 ,4.304975633574585
52.07584187986418 ,4.306876413572466
52.05437698880948 ,4.316104618908027
52.061932986219865,4.308046512301504
52.03232445696288 ,4.276391214474109
52.09090022949143 ,4.348450934190825
52.064922254718674,4.364194515113652
52.0355632126312  ,4.384368691025976
52.08500189167492 ,4.335003988691547
52.06270018252224 ,4.333600897895483
52.079233332245074,4.265790046519999
52.11524157935899 ,4.286510914477423
52.08310245540923 ,4.3529502126403266
52.10759329482518 ,4.286399771381858
52.05870915982192 ,4.404957301263623
52.0839267362881  ,4.3043581399694535
52.09679750103323 ,4.269547822995022
52.09501865653159 ,4.265699455355511
52.090655174266864,4.3049320433938965
52.091491028976726,4.305112945933241
52.07721757763779 ,4.25964120804739
52.06679007652802 ,4.224131376694168
52.072446646640245,4.377006641739094
52.09242101926442 ,4.32498116497138
52.0377045461008  ,4.3685603280365335
52.05891199850701 ,4.3295145590816135
52.100629578110095,4.362765491015857
52.083188915486964,4.283391719241765
52.07921006048033 ,4.287619442556761
52.08213725001522 ,4.287622944563742
52.08197634392595 ,4.276446621482154
52.08373693291602 ,4.278313810390986
52.07386201477214 ,4.2701342080561835
52.076424634326536,4.271422162711245
52.080254775817956,4.282443456359725
52.09211133822792 ,4.319581660589089
52.09011289822981 ,4.299927890682417
52.05554547962117 ,4.396611545570736
52.09174803644686 ,4.367448852119581
52.08996989075513 ,4.3670651761474035
52.08694179747704 ,4.354668588160261
52.032784863013674,4.379426283232015
52.063430055933495,4.343337834676571
52.04661081929208 ,4.3736544730449225
52.046686712560046,4.377245035341039
52.04668811794449 ,4.375539397556113
52.04857336927282 ,4.3771856082703104
52.04747479981629 ,4.367093535632293
52.06917024007326 ,4.304734101559578
52.07994155706432 ,4.294569808403259
52.08065469326268 ,4.297351541668611
52.0686448835628  ,4.389767041106231
52.11064028849802 ,4.280884736184558
52.07048908790764 ,4.393367716638502
52.04234645643445 ,4.362572302338446
52.06222520139157 ,4.2631758793028665
52.063099493512574,4.416049533253528
52.07349538785807 ,4.275338100931881
52.088374112904226,4.30699397597475
52.09065886181758 ,4.315661024692175
52.09461553308553 ,4.307651503611519
52.086766635108404,4.311303179797812
52.09370858809324 ,4.313628198349475
52.08693661185606 ,4.301315819961052
52.09350400972288 ,4.355273460420483
52.05484897792604 ,4.320571940571974
52.07114483793373 ,4.343626366264222
52.062891039937114,4.328895310892045
52.05178001643071 ,4.236819126034246
52.09545830861836 ,4.329266633759927
52.05943858548161 ,4.33444349232471
52.098717998974145,4.359986543876828
52.06627845708889 ,4.328912700647821
52.08911640128114 ,4.345196982748668
52.060199864853104,4.315854803545972
52.06179940748192 ,4.340015949305753
52.037121590365494,4.287051843648884
52.0660966427194  ,4.369602981533979
52.0695858668031  ,4.329254277823515
52.04706277547359 ,4.3500840677146435
52.0749295717477  ,4.328637886739582
52.0566339723636  ,4.312193966159558
52.056426446513825,4.310720365706584
52.094192896730426,4.2675797501013815
52.04404970558205 ,4.37021293232316
52.065612421568034,4.39244139903696
52.11101746373817 ,4.298909654353138
52.072721040287654,4.292543588697732
52.064720280017454,4.306801189999824
52.06103693049565 ,4.4009914341580725
52.0665046034124  ,4.29791442173836
52.09261271210556 ,4.303090711578193
52.09619355256084 ,4.316434569367022
52.06291177055351 ,4.297257292022713
52.07669676519663 ,4.3280240198152224
52.08881653938064 ,4.259196796611007
52.073096089159996,4.3003668672362165
52.05019777523798 ,4.268014897110828
52.091669014764136,4.26294538101675
52.04380692654029 ,4.273513436861149
52.08150441977871 ,4.337296952834007
52.08352778403582 ,4.33986825442427
52.086851176208114,4.3422063560225554
52.087265478309796,4.340586341711857
52.092832721151524,4.266716969456613
52.05567181246352 ,4.272194485198605
52.05029225139253 ,4.264007320784805
52.05819751279731 ,4.265335804642638
52.09347321368529 ,4.259606969895547
52.0439063299241  ,4.2801516874832926
52.05572630498958 ,4.267380610725132
52.02986637457856 ,4.376427074775237
52.03359852776379 ,4.371468839357761
52.10615084508832 ,4.294458503681187
52.05971476001346 ,4.41265021711952
52.06093700545352 ,4.414322042448736
52.09098832499818 ,4.343367069211625
52.064717214208926,4.4085531845328605
52.06096348573555 ,4.390174464040683
52.05930405546939 ,4.324880262749982
52.059192301051525,4.321644291230887
52.08113996507494 ,4.313841802244821
52.064297074899216,4.4157543579413465
52.03533110367504 ,4.357144113261295
52.03485873816317 ,4.359730561797243
52.0570099943784  ,4.326512520558253
52.061265914121925,4.329338364890649
52.055636648437144,4.3043836200379655
52.04869079476799 ,4.285866606729608
52.047850590094406,4.284313103189338
52.04636328640515 ,4.28271448624714
52.05008165634028 ,4.277522773086939
52.04801689850732 ,4.2779506515240175
52.04589057927465 ,4.280731954119249
52.04495720632641 ,4.282868227940959
52.0452511889646  ,4.279566568502919
52.10319171976154 ,4.273931103160097
52.11524259329353 ,4.284039671293374
52.060365802343725,4.311591462941878
52.03727171444304 ,4.363351727240296
52.065756654566066,4.402029275114729
52.064260108825046,4.403020669596001
52.097761756226575,4.358675507009498
52.06436190587335 ,4.3310583961363935
52.0624533283897  ,4.332931645704428
52.09263785629882 ,4.267012727420859
52.10176467743043 ,4.274044515785794
52.09129637732607 ,4.2627540555125245
52.060686885578185,4.231448196272827
52.06382898253682 ,4.269808230143026
52.0635224994767  ,4.263560030627363
52.06068263103636 ,4.262977251738796
52.05828523410016 ,4.265546694748666
52.05675804691576 ,4.3021966298705605
52.04759799355259 ,4.272408002865512
52.06027516292642 ,4.376594532405472
52.04176758187282 ,4.370464477991396
52.05572263612546 ,4.275532874941957
52.05272114646261 ,4.279112177889703
52.05269880078871 ,4.279068282995056
52.05109347119118 ,4.274206256827453
52.04481957768827 ,4.275114425234091
52.06241727544978 ,4.3849503974248645
52.06100523534407 ,4.387175357801491
52.05787756827856 ,4.391489394176113
52.05916698952307 ,4.384607000577876
52.05553931412522 ,4.396632793822482
52.04114473011551 ,4.367788268594883
52.06676494252804 ,4.412868577922513
52.040952707252636,4.369254758312922
52.065944720120754,4.410926329901354
52.063659073211966,4.408396259225044
52.04293812431586 ,4.371992411267986
52.07270490150716 ,4.400816373731472
52.050879671582955,4.377414493793145
52.028950708372896,4.292982109695421
52.073288519742135,4.263271988144668
52.07106347667327 ,4.2682957052472075
52.04333060989646 ,4.367901083067575
52.09235345181658 ,4.309180419607767
52.04474957263264 ,4.371895384570518
52.043945711741785,4.373757006455548
52.094517800497684,4.269988803686701
52.08096063195667 ,4.273855381781659
52.06999122298872 ,4.311611292673064
52.10230051516866 ,4.278858213835575
52.08151744098475 ,4.307147343403154
52.07493325981951 ,4.306894774839103
52.0685121646255  ,4.275753171415227
52.06360325197423 ,4.2793421370299685
52.031649786322916,4.288424595921227
52.0440727229751  ,4.2771736928797885
52.06052415805275 ,4.336582962721431
52.06425711085672 ,4.336424328535782
52.07297633137811 ,4.332291818281492
52.04709744866268 ,4.21504482626555
52.05630889268338 ,4.242159353268833
52.04121825785582 ,4.2515187312647535
52.068168031906566,4.22439763001929
52.09344976458111 ,4.259569194628287
52.08179778842723 ,4.258375916284898
52.08078291773758 ,4.2514362956582685
52.08029728731625 ,4.260973936963846
52.07644343658343 ,4.279252527367169
52.08086876007986 ,4.267969078586197
52.08986312494969 ,4.257817593801954
52.07611690148593 ,4.2509651929365715
52.07504652102922 ,4.25672153576294
52.062914692684345,4.328805847470323
52.031202771259224,4.36734216097092
52.034805464649715,4.354633315528431
52.10456538992979 ,4.318563759715067
52.06644568455373 ,4.4016001673042515
52.066425509786136,4.413841013443103
52.064411371410685,4.257958608717933
52.05503510886453 ,4.276085531609024
52.05310829564717 ,4.28862394735712
52.0776481822059  ,4.298613290556612
52.0606865767809  ,4.263013004765607
52.06370152130732 ,4.3243627515982315
52.06135420234178 ,4.323189739543248
52.06344725070837 ,4.306209429177227
52.065331783919135,4.283191717213653
52.066253738638366,4.280601011492894
52.06994324462638 ,4.271595652398274
52.06638952449161 ,4.270202163893024
52.06633406483096 ,4.272915875611248
52.09322296330409 ,4.289349185968619
52.05266781216474 ,4.305311291124428
52.045152947189074,4.294993610504284
52.04914038305642 ,4.274676976755163
52.04905669319898 ,4.305730431222326
52.053379971217424,4.275630972575073
52.04210056558929 ,4.351220798479198
52.05928896452407 ,4.254526826422209
52.07482490462736 ,4.293965655322898
52.09813578021766 ,4.266711044288948
52.066584090915015,4.2224110679582445
52.05150111608611 ,4.277519320111998
52.0594988667968  ,4.23397049790532
52.110295567255214,4.295519515398715
52.06159848865735 ,4.2942760820119865
52.0610265715111  ,4.295335276449517
52.060640041720845,4.298990564155795
52.06917843565936 ,4.2641655610691815
52.065221165405944,4.260966919540855
52.05944748231903 ,4.274363247919161
52.04732533044621 ,4.299723204388037
52.03479691471525 ,4.384920534205959
52.03559171745595 ,4.362931332516792
52.05253845365859 ,4.3844542271046265
52.0500580651041  ,4.382448266770118
52.05498539454703 ,4.239060367922295
52.037018794842   ,4.360394604096144
52.037917266886815,4.366540104221195
52.06319070872709 ,4.389517383500838
52.06237483041798 ,4.388740727789701
52.053085528326996,4.316944903128624
52.06306726892878 ,4.2732706636223
52.0669602772056  ,4.253335800114453
52.10872082699049 ,4.3058280395924236
52.07816873353403 ,4.3042887180615965
52.06199831869732 ,4.362870014240902
52.09418599125452 ,4.286355018845964
52.04751597573435 ,4.354008033237242
52.058368718726776,4.351469616903969
52.06306332725769 ,4.344580849147186
52.0594292944526  ,4.344653906562471
52.05967544890403 ,4.361739889136765
52.06283521939262 ,4.361317542057583
52.08077548917265 ,4.271116971080739
52.058268601573204,4.398904238497048
52.085502047180775,4.278727680010172
52.06611185235249 ,4.386275179633866
52.09468896065047 ,4.278230689445721
52.06804973118474 ,4.406108835370452
52.03298171235104 ,4.361606136670438
52.06753986168418 ,4.406864406301152
52.03074962822108 ,4.292709994151453
52.05196941451101 ,4.3886839052643465
52.07132922519641 ,4.335527072012018
52.08983932773312 ,4.35338080763525
52.09928797298721 ,4.3584560715192655
52.104866861709176,4.358888463581005
52.028768518465604,4.293402902966369
52.030080656144406,4.288750595176415
52.034376704498385,4.286378914337489
52.0399259505929  ,4.367660531048088
52.05884458178128 ,4.329484191008224
52.068142406422304,4.251263546334398
52.10469240405178 ,4.278239885279406
52.10017551978991 ,4.298592031570371
52.1076539798072  ,4.3076479895475295
52.034272069701174,4.3678243923177815
52.03551754790791 ,4.365899834220252
52.03495981824973 ,4.264713448899324
52.05243105737723 ,4.2595677133221015
52.03943142043498 ,4.245118994236605
52.05715167097652 ,4.227414613242849
52.05428137001606 ,4.232083870038402
52.06459712422279 ,4.389109558149906
52.06745577590161 ,4.393652895825194
52.050736074812384,4.233325739784922
52.04626777806306 ,4.210243964258367
52.06380554047682 ,4.318252493586306
52.06480224185042 ,4.315132889951602
52.060808466028305,4.3201085030536
52.06079058130351 ,4.320092150461471
52.056071549465045,4.31609085340892
52.05608741196448 ,4.359326556738721
52.04859580613293 ,4.3559517624589725
52.06610071638721 ,4.369578631989587
52.06594696659748 ,4.3662430006889785
52.06335312743398 ,4.3676883981698325
52.06087363559318 ,4.364106972943678
52.064181720742475,4.22690008464123
52.068801060981905,4.243574915402828
52.067575820314566,4.242911223877142
52.06580788575604 ,4.239605356037603
52.071167975000684,4.237152102117379
52.05750185321498 ,4.320906029282625
52.05266665567022 ,4.310970180295888
52.053684885193825,4.308966011614273
52.09426904411286 ,4.323529333122902
52.06118698152702 ,4.32751100244449
52.09880147597846 ,4.32263812953415
52.099080085638285,4.317490104223056
52.100432297930034,4.32072015185525
52.103834310517705,4.323717041628235
52.10429557908294 ,4.326675767085752
52.104461067654455,4.318015057190643
52.10483573382285 ,4.326233603120541
52.092391207472865,4.324944476801306
52.0930776092128  ,4.3274868609126
52.09334755364666 ,4.331649190790344
52.094868651235075,4.335288769568147
52.08992182163552 ,4.355720727776698
52.03990599907258 ,4.270444892946148
52.047132459932854,4.270365170286729
52.04026545515643 ,4.250011107698966
52.040911135128404,4.262153405960101
52.06675069649385 ,4.246496376779232
52.0650032490463  ,4.249316599150737
52.05291265546011 ,4.246671670672498
52.059889381800815,4.229646392923373
52.041885727404825,4.2566866862591946
52.09518439100593 ,4.332693044385456
52.09637213362132 ,4.33571144083882
52.102260435055214,4.312535292024407
52.09519742065587 ,4.326812370510331
52.09695526433926 ,4.320701000700229
52.099688440598186,4.312822121260698
52.09705333721837 ,4.313534393773109
52.0432353015735  ,4.256397590395226
52.04358319607979 ,4.264509156837908
52.065976867563755,4.345243705635241
52.089472584494075,4.2937635176074505
52.09046890052976 ,4.349370193270524
52.09111198946661 ,4.363621602717152
52.091169072256925,4.351373199146755
52.091902212675066,4.353448600845244
52.092249267532424,4.362070239931537
52.09408367072894 ,4.370364360447158
52.094406939253304,4.366726165018316
52.09516813351979 ,4.358057795834118
52.09534434838783 ,4.3687834907379886
52.095335059848395,4.354277919905279
52.09610646166757 ,4.3598158533698586
52.096206105886644,4.365030877990529
52.096745756708536,4.356854503708128
52.09702519671653 ,4.366256330994032
52.09763430230896 ,4.362185255301518
52.088303408577296,4.354333144759882
52.04464891203538 ,4.261884424560462
52.04632078652074 ,4.258571041914286
52.046497491374275,4.26085555127196
52.038219221985386,4.252404762512091
52.036904742964154,4.254958816222797
52.03854959834664 ,4.255631375052694
52.03199989655354 ,4.260895668487072
52.03594218678232 ,4.266789729427668
52.034151900276115,4.266835491386063
52.037031350180065,4.267189250866491
52.03791546351056 ,4.271991485709598
52.05144522864062 ,4.3060821671933445
52.05586894451597 ,4.299292129415182
52.10340082212376 ,4.317116268650418
52.105173608542884,4.322632999910308
52.10589345909288 ,4.3280068840150285
52.09465577365083 ,4.331633964542176
52.095241082699005,4.326889245407189
52.04863179247538 ,4.2889342602840586
52.044948315162706,4.290933467145056
52.04360085298094 ,4.292502643309256
52.05216179529396 ,4.292310757592504
52.051696316196725,4.294622754946256
52.04510849064935 ,4.295010016217088
52.07821639318057 ,4.261782277717295
52.065792382090464,4.243673571776517
52.067498886694864,4.248048667205355
52.073648720115074,4.254232306347117
52.06231641721109 ,4.228016875371538
52.05270077417039 ,4.235454404336502
52.0518326416189  ,4.23617097236159
52.068308896071045,4.228950274994139
52.06850276746047 ,4.234828236169322
52.06445007083439 ,4.234961590235435
52.0664492810551  ,4.236628987492901
52.069700657284365,4.23796428053464
52.0759235620453  ,4.238117571786299
52.06342856153601 ,4.239522766348121
52.065057897494704,4.240247745677737
52.072693385923465,4.241226723544181
52.08443622090957 ,4.263884348247102
52.064244508479185,4.252628804826613
52.06355893753247 ,4.253471153723228
52.06309362086606 ,4.259181076938758
52.06986598762821 ,4.241616074809772
52.07192345518465 ,4.257206484598804
52.109861176755295,4.284447619765908
52.10152792980074 ,4.297401793679154
52.09968875596563 ,4.300305874506578
52.10763761430182 ,4.289586170710678
52.10624600687483 ,4.288227098274803
52.07260789360768 ,4.268083073259602
52.074907982129496,4.259471696068828
52.050668899406546,4.236906196236597
52.066299944885465,4.2399861397593614
52.065770796475064,4.250500013101502
52.058468288181025,4.227435120447877
52.060642633227275,4.228203288719729
52.05681428922588 ,4.229077429030221
52.05957521426449 ,4.230074761392569
52.06153178825841 ,4.2302568772123035
52.05711004411098 ,4.2321163747939785
52.056138277515366,4.234334936122063
52.079528849730565,4.2591416184215065
52.081792034543035,4.258357978874376
52.08356996587841 ,4.257617212336409
52.08093485521175 ,4.26730493902278
52.077590281961115,4.255382348501386
52.08379519983904 ,4.259747934565823
52.0687031547424  ,4.246048478981292
52.076500921096745,4.254148003522691
52.066183706995446,4.2275501456769256
52.063130878949735,4.236432651518489
52.05556205359251 ,4.235929606107487
52.062380293130204,4.263226711295403
52.061769651004   ,4.263382572489976
52.062703608301156,4.267517081256804
52.0676437319795  ,4.269366867491077
52.08753090073392 ,4.2550842419551085
52.058521868489535,4.2299307256870495
52.07350025939257 ,4.388519611155846
52.07497578254528 ,4.382592525355636
52.06621214617209 ,4.388607284558288
52.0687234388206  ,4.389708531302769
52.06835254669116 ,4.321840630782578
52.05893259359047 ,4.3995869797347185
52.058911553445185,4.399597972262626
52.070158813421656,4.3926142858946715
52.06368098052518 ,4.4083641569559715
52.06641788788264 ,4.408312806603794
52.05285684141211 ,4.3175965390681466
52.057785502175385,4.3147206111355985
52.056057182830926,4.316081077769101
52.05040515078647 ,4.313588354138966
52.051316902185704,4.315960348261571
52.09965601196449 ,4.312690767194974
52.02770292326149 ,4.2883893962185535
52.02872874607608 ,4.29342888045192
52.03530173048309 ,4.293367782521629
52.06927554796056 ,4.402977388073559
52.08190052881032 ,4.2543090824184615
52.06213876997293 ,4.272246367222868
52.061770607066535,4.410556945692884
52.06110527461514 ,4.4099166033125154
52.06287171289108 ,4.412351678278082
52.059398465965636,4.41509745598787
52.064922678463276,4.405870517639988
52.05910879525131 ,4.4203289033676185
52.06065260684425 ,4.417549960266814
52.060477193665974,4.409327904822922
52.06271922941289 ,4.2675840738771305
52.061849977501424,4.256234283296517
52.06181879715868 ,4.256861913323451
52.061658479045846,4.2602943487496105
52.0636063683767  ,4.340092715848306
52.07169146809535 ,4.26022494414224
52.07048052393365 ,4.3416949634107915
52.06011184560092 ,4.266655336452351
52.06308758654131 ,4.390304680836279
52.06515138630828 ,4.392714643191146
52.03546952916097 ,4.368994222433903
52.065960960391294,4.4152759798059495
52.06005791868973 ,4.418387106635327
52.074415562091254,4.407275710839426
52.06717508165193 ,4.4019677903343215
52.068655487764   ,4.405362682882713
52.0347585867662  ,4.370204090283703
52.03171755389384 ,4.388749984338434
52.03241824203434 ,4.384388219749146
52.03384031598176 ,4.391707671230649
52.036843866323096,4.38652124681722
52.054217189886074,4.246498659194955
52.05487637829778 ,4.233334621782254
52.03821038657775 ,4.386316697856213
52.04051907291058 ,4.369047729687699
52.0392859797585  ,4.36356982560934
52.0639484269973  ,4.374862070227083
52.066185985257704,4.366732749845862
52.066900696338294,4.369192830687294
52.07032648166418 ,4.373450727796641
52.072442172815244,4.3770432090867
52.061146654528045,4.361349627928104
52.07447648597243 ,4.314711999990135
52.073777686636674,4.316672076825267
52.077438259724424,4.249200950097598
52.07623144347375 ,4.244380737735642
52.06506573941631 ,4.3178712088747595
52.046391531298354,4.289369953430962
52.0475747944455  ,4.292179531421833
52.041758739800294,4.281576037108189
52.041775760927884,4.278394090663279
52.04336925545697 ,4.276246926348944
52.043508189385406,4.281796389918546
52.04399207521631 ,4.280240909847988
52.045171742811114,4.2718729508007725
52.049478574978636,4.265689692852096
52.04817690138825 ,4.26833702471253
52.05037150797838 ,4.301577601715612
52.05677257639579 ,4.302196535756464
52.05283975695079 ,4.302667690201003
52.04835144022724 ,4.303344373562056
52.050851578644064,4.303562649595774
52.11102159588247 ,4.298940816628786
52.082761815331104,4.336381233849259
52.06629365628213 ,4.39901600974109
52.06167304133293 ,4.4015023965590085
52.067370435167206,4.320552422497468
52.035407481798686,4.3910291949870865
52.07257689501626 ,4.405165681802738
52.071698126633976,4.4098825025257815
52.05902108245225 ,4.414787580733568
52.06994815094488 ,4.4014842475236655
52.071791181726   ,4.40634076361393
52.085868020767315,4.3371856921633265
52.05909323001071 ,4.2484361522069625
52.07135296387303 ,4.404397120996811
52.06883437885835 ,4.411307786200411
52.055085669544134,4.387957957445247
52.10371464305753 ,4.277323290880093
52.111153562620856,4.27812874231922
52.09110033265751 ,4.278858679640278
52.10036416304371 ,4.306040977510332
52.105869975104774,4.302004925591052
52.10608785461233 ,4.305802114540946
52.1061615682129  ,4.2883266507756135
52.0410230195344  ,4.231722759498422
52.049689154386975,4.254991779663803
52.04851508339807 ,4.285752511938759
52.04970086985429 ,4.238384074154335
52.0558965590302  ,4.23951387658713
52.061529779846325,4.24383284627587
52.057512111168   ,4.237894538464728
52.06423574161149 ,4.244631910810451
52.05360580170699 ,4.251996222578397
52.06868258225904 ,4.220800706705377
52.06816462569394 ,4.256504716954144
52.04988838367025 ,4.220165404740853
52.052785167540776,4.239758864937149
52.0548557002156  ,4.23993637995173
52.046292834679534,4.241408081329274
52.06667445980675 ,4.243616973412261
52.04291232414249 ,4.242716978781952
52.05554908482727 ,4.2318956954674665
52.03849334799014 ,4.2104517295028465
52.04240626372111 ,4.224013527039098
52.05780577747381 ,4.260342425550514
52.04820630631637 ,4.354705999871491
52.07043705547093 ,4.3159550342980815
52.07201827774573 ,4.3145926636893055
52.07827189366769 ,4.314215150500998
52.07146398522136 ,4.309585057118302
52.067577348571504,4.309974612141007
52.07097804266029 ,4.289439201553846
52.069013467202616,4.309858080516989
52.06443268532266 ,4.3112770024810585
52.09857935775989 ,4.2742097217660815
52.10453001688086 ,4.2853636412511085
52.04780187087981 ,4.223770432109683
52.04786396613608 ,4.256705016003276
52.06273676577089 ,4.242731775654056
52.05778928034079 ,4.24075897814394
52.049070554783604,4.243370255408936
52.06596666570215 ,4.326102956403773
52.08775566149127 ,4.296718023317626
52.087022816164655,4.298598908173123
52.05690897341668 ,4.402496894422197
52.06929142367461 ,4.403012033743304
52.07265832275172 ,4.4081596486914165
52.06816619450597 ,4.329131234463167
52.068289679676504,4.3234764893045545
52.06941073988719 ,4.3249702890410395
52.0584455234199  ,4.313882256036479
52.05385694221553 ,4.3129533770862265
52.05174436049547 ,4.314912080702961
52.06312360961532 ,4.326892351684274
52.10500999619733 ,4.323202898643774
52.0962536851706  ,4.339254297973272
52.09964052597702 ,4.3483105833119176
52.06252164174789 ,4.315159334326822
52.04381552191585 ,4.273550723475546
52.06426484954849 ,4.252640030771308
52.042128756135206,4.262398183860534
52.039877450357345,4.270362513609763
52.062185171641104,4.335717056502533
52.04438323561257 ,4.2139622260632565
52.03601507022086 ,4.266829131180876
52.08478663592154 ,4.293700891237513
52.04679733304953 ,4.236758977232894
52.051860857282044,4.291816140412086
52.07636917873297 ,4.294181487835332
52.062833608933026,4.398080295061266
52.01670816214901 ,4.2943074995070765
52.02301283143281 ,4.297752900789607
52.06243647618239 ,4.222367523599816
52.057939253140965,4.30221723437382
52.0550268525281  ,4.289970600354098
52.06142762623149 ,4.277561020199058
52.093771244920866,4.31108647700632
52.0922611409336  ,4.330905782245782
52.102936732852534,4.318825106851223
52.099131979176036,4.317400083267836
52.0618250032645  ,4.283023874161185
52.05918134584314 ,4.279279689926545
52.037400360182474,4.2575451157415865
52.05130036561521 ,4.231235270150404
52.052989137701644,4.232635841539303
52.067989958170365,4.282476721367401
52.074410473462144,4.286330263566804
52.06187890171998 ,4.270562264636804
52.05105009902568 ,4.250311929038423
52.04428368252388 ,4.238573429277969
52.046166345968636,4.233967206999839
52.04473321023163 ,4.239547348517092
52.0426673951227  ,4.239671688197727
52.062192552065326,4.406523559241362
52.06296042964981 ,4.411835215140235
52.063886321728   ,4.417517170460443
52.09992086581135 ,4.2819627457548455
52.106591046330976,4.273698064791632
52.10139566034714 ,4.269403108774273
52.096128866537725,4.26212870425534
52.09168390993518 ,4.270953119113593
52.09241198631649 ,4.2763665902857015
52.0957261762593  ,4.271767106867667
52.09596177469096 ,4.275692074831602
52.088796493537615,4.270048118443727
52.090521394091425,4.267745526431531
52.09068101155183 ,4.2748141230013035
52.088996176422405,4.275671955405008
52.09351948532554 ,4.280699280705654
52.0959907023776  ,4.282569251584167
52.09759290650299 ,4.285389816419787
52.09272765263418 ,4.284215981713859
52.082278714548906,4.3230964236919585
52.06600481595468 ,4.3259183886884065
52.06365466556591 ,4.320855018027154
52.10588700691973 ,4.3019770043394665
52.06551804840826 ,4.3377702616870515
52.09515258334192 ,4.358095080920902
52.095931835902704,4.286001320806787
52.11176594844843 ,4.281179562411496
52.103406575674036,4.2823410344927835
52.09115856246562 ,4.264607795270456
52.107749417310096,4.2737006049350965
52.107170046923905,4.28194491340046
52.106166252536106,4.294434737075424
52.10786020008012 ,4.282641490103448
52.10257228632458 ,4.286619938268434
52.109545876689616,4.28703849208404
52.11195582728199 ,4.287977037123812
52.04446048683816 ,4.2593811841775375
52.037302220276686,4.25739788222062
52.03727791141787 ,4.263968763476513
52.038989117317726,4.2748524712978675
52.04760902137795 ,4.259380682505126
52.09349597550374 ,4.355212977978723
52.08322439955203 ,4.2678176116476045
52.06966790009195 ,4.278773965188345
52.084379734332884,4.263874335265964
52.06092258388126 ,4.414343674399069
52.06622405426937 ,4.25619681378332
52.07372754358386 ,4.2576661504062985
52.09772868074078 ,4.3586794233536486
52.098626848771154,4.364363125787009
52.08840152961229 ,4.357579643494467
52.050777308496286,4.368226316900002
52.06025374852378 ,4.292507400147217
52.06307144012751 ,4.273328690380712
52.064092639738035,4.2949506593161315
52.074843879705604,4.3264127138131965
52.06724861599625 ,4.3410887729472165
52.10570199782321 ,4.2829518100457165
52.040227924009066,4.354059271394694
52.07489286813371 ,4.4049834791479805
52.06886395750761 ,4.314185842586347
52.07815738700072 ,4.300977545824157
52.06259550237549 ,4.301903190173184
52.08068317237432 ,4.271188214131089
52.105836182852705,4.281265537512215
52.054885422020675,4.320502970488743
52.059363932051   ,4.334325697812007
52.05889887659311 ,4.32948561142593
52.104058093712595,4.327796287684691
52.092564972671646,4.329109727310391
52.09548757911747 ,4.3296719400861345
52.096873563105525,4.333925697148715
52.098735883540584,4.310046142473522
52.04933075671346 ,4.29967351430296
52.052695904430934,4.3053534299730565
52.04905263408428 ,4.3056662429388535
52.04597322445111 ,4.286653750648
52.05149076990016 ,4.277669771493263
52.05344291602982 ,4.2756313297742174
52.04533261594412 ,4.289898147155104
52.0422553072837  ,4.254851971821976
52.043356824252655,4.261365270832458
52.04353203540966 ,4.257754151020654
52.04420617040844 ,4.253655977086472
52.08907739842184 ,4.3452036787880255
52.09421345877344 ,4.286346714351808
52.06195122208615 ,4.308066863906204
52.054239803665716,4.246537881393931
52.054603523861545,4.229788969177879
52.06105829458016 ,4.254103693829257
52.06261412065422 ,4.301945126993057
52.05381569871766 ,4.2955628287216
52.04930378672686 ,4.295989128425869
52.05711836841967 ,4.296400955795129
52.09891457581568 ,4.312914717859103
52.051535059586584,4.3050081810108765
52.05668069082737 ,4.300259103751841
52.04713644995366 ,4.270336154290922
52.09389993098653 ,4.311542773745186
52.04632533966216 ,4.3743112685677445
52.05105066163404 ,4.297571472348511
52.053169415098246,4.30021679313292
52.10654900015224 ,4.322392995148459
52.09725358791174 ,4.31923905814639
52.051109264140294,4.274205644022667
52.05247282554737 ,4.270336154561508
52.052834833037   ,4.274174244275631
52.05357445611003 ,4.2716879128577
52.05375853599914 ,4.273945900678466
52.05477312485768 ,4.269710997082299
52.05949981978987 ,4.27069774383049
52.05737225429864 ,4.274573444806746
52.05573726984368 ,4.275532868739543
52.05915716922929 ,4.279197279552297
52.05034358798203 ,4.2641186890456835
52.05106545591285 ,4.265853733887074
52.05173566139729 ,4.267513121956656
52.050173117106354,4.267630458792025
52.05745666978447 ,4.268228986414007
52.0594498685009  ,4.274319922287721
52.04911671354118 ,4.274753656399583
52.07524191164958 ,4.299832198999588
52.02706748694464 ,4.288517024475176
52.08049895385066 ,4.303781543038365
52.0754243178859  ,4.330001332270934
52.08139346553972 ,4.330898031511016
52.082761568498896,4.301069827707488
52.09418114947438 ,4.267675145101002
52.0688128529462  ,4.2461829828928135
52.031756821651754,4.366774041184925
52.0304746062638  ,4.284403566176159
52.03636711157998 ,4.3731034086881815
52.035376181589136,4.357179498203053
52.040869808114174,4.367279343567182
52.03022144658862 ,4.380121899155818
52.02930200330075 ,4.28583481458242
52.10657610082012 ,4.273698356858321
52.086149850275795,4.256462847240612
52.072374598056975,4.265506444025708
52.06138522499234 ,4.3133637624314405
52.046968675077665,4.261343199533762
52.04602419003891 ,4.262018768406936
52.04184717873099 ,4.266683205051429
52.04923154040711 ,4.307625450033088
52.0748286415477  ,4.293907855932783
52.060517396568066,4.308943670022591
52.10061617285918 ,4.362764605746991
52.117155727975714,4.2878826933727465
52.082150315132495,4.271285409593493
52.10659035297717 ,4.275918705366506
52.0822544293176  ,4.265415417269147
52.062580555784855,4.30195703752532
52.059266821600495,4.330747671247028
52.05931754788075 ,4.334256050055371
52.10139200973065 ,4.324593534942011
52.06057546898055 ,4.29898267000908
52.06628462800865 ,4.328929828727797
52.03291871033416 ,4.376478074391689
52.03167776307827 ,4.378433679718958
52.044378904056856,4.229008082567181
52.08791838805254 ,4.321578327953096
52.06889857804472 ,4.270376790221721
52.07747954931945 ,4.255302390173395
52.08077090586085 ,4.251455771293195
52.09873401753499 ,4.360016546846176
52.06982110561136 ,4.283169327588982
52.11034928640446 ,4.277486779109279
52.08563481784218 ,4.3167978015523705
52.107660883169615,4.2947078857156065
52.101898223951366,4.296528204623268
52.0850141158663  ,4.288589319669902
52.08731696583065 ,4.3137743418083305
52.1025622459805  ,4.267688701546283
52.081287509274155,4.256081674342719
52.1015657401206  ,4.271783933359702
52.108205634066714,4.289332840404262
52.11007128808193 ,4.29242619345845
52.08086741385314 ,4.3426968650576185
52.08593218846561 ,4.346641898388402
52.09402220631137 ,4.2778187176421545
52.097039918675605,4.3251165315332285
52.09166751701111 ,4.257223778670801
52.09538494529857 ,4.267399260475286
52.04926484845055 ,4.282678264588008
52.099362488494386,4.272270376024688
52.054939737813775,4.296533971793998
52.0542727435956  ,4.316291062385834
52.08148984679298 ,4.337297197162365
52.08919792262157 ,4.340692212238829
52.0836459837591  ,4.348453322023276
52.051292641996966,4.227684327956267
52.07260004183753 ,4.24128470805803
52.05698449665148 ,4.233381500028973
52.092083739975564,4.3220901722403715
52.05014148070226 ,4.281910707286124
52.03596057406666 ,4.269945588723962
52.060450569594   ,4.231130922692722
52.03962125895679 ,4.2907772258453205
52.06160523350168 ,4.289028562096221
52.094077821696644,4.322573981740901
52.06161938712086 ,4.289002614006917
52.0691347471994  ,4.264154886999652
52.07725734036196 ,4.287630778843528
52.09057208387914 ,4.279433473564957
52.071745185230206,4.2722497803822295
52.07743503702643 ,4.282724566912184
52.071273169016656,4.24944115277686
52.076097910827706,4.251008908258652
52.117200962670886,4.289367474004593
52.06441405628583 ,4.2580032341245975
52.0607049408631  ,4.268908824866641
52.087559184259405,4.2550903548336025
52.05705831215646 ,4.271423538664426
52.08099395814628 ,4.273808611246107
52.058585254371245,4.291635669498723
52.08543403819165 ,4.338743394149
52.086374296351394,4.335815806120396
52.01820106873245 ,4.301299907871763
52.089788329039905,4.324009991812435
52.06340465949865 ,4.32196697813696
52.08393395609453 ,4.28662141739583
52.08548620104758 ,4.278776335388775
52.08042693071848 ,4.3300340055694315
52.081841319377915,4.3394539918446515
52.0967645458481  ,4.344185800116049
52.07921688545196 ,4.3328312992543365
52.05939078136621 ,4.360692305892773
52.08275510771335 ,4.336308030119973
52.10159934696792 ,4.294872492243464
52.10292085037058 ,4.303825500585962
52.1104440514256  ,4.3037534193459175
52.11326250560358 ,4.294248377467944
52.085427501153156,4.331388933711779
52.08846492012132 ,4.3349808676937
52.0778872400106  ,4.335120900316216
52.07857593569118 ,4.336103329341807
52.07961708741114 ,4.333716933382544
52.084206749942204,4.326531398373122
52.08020306323492 ,4.324426403552663
52.07341606799171 ,4.262959102852702
52.07126062060244 ,4.265989984562508
52.10714528863839 ,4.2703799950858325
52.059435878584424,4.274350108876543
52.057162367996405,4.296433322282569
52.03866069333055 ,4.357069440591719
52.07346231088553 ,4.283855988821164
52.07504148871735 ,4.2833515347489515
52.0647959502401  ,4.3763273560287885
52.08169782757317 ,4.320903358990424
52.065192190449956,4.297484982536731
52.07651187919927 ,4.3166851427403925
52.06346916847189 ,4.380095395965559
52.039013838775226,4.359438085721015
52.04022507855981 ,4.362496317607439
52.04848629343164 ,4.275770595114643
52.05040491139191 ,4.279608690087328
52.04499051306737 ,4.288223980049127
52.050095649881115,4.2884558116444
52.04953554991672 ,4.291124154205572
52.042651113290034,4.2934892703303635
52.044119787990475,4.295777124945344
52.04117218565853 ,4.270704307372221
52.04640373328171 ,4.272717991496457
52.038592854340585,4.286835085672887
52.02688401947894 ,4.2877944691267285
52.03235398408434 ,4.278085151662088
52.03919648806922 ,4.290324535591754
52.0824721033435  ,4.328612835758857
52.06948324887253 ,4.250704894311632
52.06752964866104 ,4.247965980853547
52.08724210501788 ,4.340576015200996
52.02722558153202 ,4.293858543940851
52.09206199900356 ,4.319556032693618
52.09701068038221 ,4.297834907033819
52.087860522464815,4.280562820657504
52.043341084217126,4.261402255585893
52.096964393859174,4.2698273332944146
52.05263501185139 ,4.266123708546574
52.11297014680989 ,4.283201390963954
52.04599567787445 ,4.262165021539069
52.04221833933556 ,4.254730789848087
52.044486855309394,4.259386502662701
52.04414020563029 ,4.253498255981167
52.10077563519674 ,4.270943515472664
52.10177130266111 ,4.2740005049282255
52.04701229994632 ,4.277478875394887
52.1029001053474  ,4.268425627136572
52.10397590677458 ,4.268190421667159
52.106226833300255,4.276031030502455
52.047721537139644,4.259168833011796
52.03971363446314 ,4.255021387001024
52.040738395731715,4.248243602288252
52.04090074119231 ,4.259567862575444
52.04383634284906 ,4.260656557530602
52.04518277024937 ,4.255256943683858
52.06317533627809 ,4.400243466688275
52.032002493456794,4.357022694606563
52.069906033838436,4.340736142079382
52.03982566688329 ,4.373946812992116
52.10034609219829 ,4.3060762605381075
52.10206551876157 ,4.3022599683897305
52.088477876260356,4.272533447903858
52.07798420275782 ,4.322404759640162
52.04581642865792 ,4.255790904588985
52.046200088010146,4.256396141067362
52.031309367039455,4.246986513386521
52.038907436027785,4.257931964664967
52.034780334647124,4.280995079439512
52.091057873066646,4.3571479418578445
52.09185289275943 ,4.349289942827642
52.094434663552825,4.361797002348252
52.09007890237847 ,4.357768945945393
52.08767778401564 ,4.357846486330796
52.08986776218082 ,4.352629881658172
52.10626773778738 ,4.272765285138852
52.10532375004561 ,4.274120514006607
52.02990392195043 ,4.361992685997284
52.03535873978029 ,4.3798608253385805
52.07783069009322 ,4.266617920392156
52.053569085433   ,4.396422418466292
52.06688854041934 ,4.294539032458747
52.06641979092641 ,4.4083384628785875
52.08233130896393 ,4.26538269536783
52.0861316545371  ,4.256462968798803
52.03727252118895 ,4.264008192237603
52.102065221301814,4.302259975609582
52.09113801596254 ,4.279017321109102
52.07670183869972 ,4.296016037789018
52.04949996306764 ,4.265701027501995
52.032309008115405,4.296530388846253
52.04363701339086 ,4.257789665162295
52.07218086532313 ,4.307743263393137
52.04535189497931 ,4.289920512381899
52.075283731204465,4.268727931404022
52.075305773440725,4.268746388051603
52.05886068162492 ,4.242636438107152
52.04581445513743 ,4.2808646908596835
52.07952753632161 ,4.271520601123591
52.059858112708895,4.237833180156942
52.07162763184625 ,4.237255986866321
52.055910692325966,4.254834901864702
52.06807520122565 ,4.3175936216415085
52.06615107675684 ,4.227790339465553
52.06593423309314 ,4.3336801933348195
52.11162644220932 ,4.285102876914747
52.08195217791726 ,4.253975781244392
52.107762744376224,4.27836228073359
52.096729715788186,4.3205253093118925
52.07096329223449 ,4.322931951439482
52.06983440611547 ,4.320092358606686
52.06368848379879 ,4.313240910576871
52.06280808028421 ,4.305328353155236
52.08282054882329 ,4.318028073592151
52.083167938458345,4.313181692822426
52.08366164827358 ,4.31758221527683
52.07939337398228 ,4.311803610639578
52.082440988323114,4.31336257117608
52.08179962013006 ,4.324480980357404
52.0855975281736  ,4.323418407059648
52.07624769895929 ,4.324687794289751
52.076746963938895,4.332897421202111
52.08110992677558 ,4.284880366990042
52.071719627000675,4.272253156668693
52.083799268425366,4.2761986979119415
52.09429245793845 ,4.300861814837811
52.092973297493295,4.297552023775632
52.102262176520156,4.2638983423274235
52.06260058070578 ,4.3932846809133945
52.09290266000178 ,4.351623174270243
52.10385666023129 ,4.266304405008567
52.105918815489616,4.2689588841344115
52.032328047902524,4.382038338682615
52.110111654784696,4.2754885056033585
52.041217373445214,4.265067844789482
52.050863047625434,4.225060174125924
52.050331240467656,4.301597053325678
52.065545982395115,4.386156374255416
52.0756135856641  ,4.275193877511035
52.06442357836958 ,4.341507622979603
52.078239450148594,4.277560666467854
52.05692249288288 ,4.3778393443591215
52.046988395135024,4.246245965072582
52.048343699815206,4.3655057694926835
52.06555186174572 ,4.3861480026209785
52.06934134748607 ,4.408895991743611
52.05397758450192 ,4.410318583094173
52.063020535878884,4.402457666427923
52.10369723772745 ,4.2773076839566535
52.06201001907688 ,4.405396893773048
52.03967198135642 ,4.366956527710367
52.066188871299886,4.3667302338316105
52.08381441899385 ,4.276170383756872
52.06347321357562 ,4.263594777457438
52.052448943191465,4.384199667818397
52.054559596562875,4.3905611543753365
52.0892695744836  ,4.309764564780223
52.04844546314233 ,4.300193351326966
52.063319706852496,4.281581645182613
52.06750592249915 ,4.277881789469512
52.084887481437214,4.2724071802383685
52.11745123491771 ,4.287305573384457
52.05509032057228 ,4.3879269480376655
52.06671039283239 ,4.224293885666982
52.068324783087746,4.228910883984444
52.06675436327965 ,4.224189412557413
52.05561943199094 ,4.235936667649966
52.06305724757886 ,4.236275035042606
52.02232522843774 ,4.289574848343759
52.05046451845707 ,4.2404993470355565
52.03554940068757 ,4.275634620051976
52.0205410237794  ,4.295485317182283
52.024623338601124,4.287560331452201
52.02678837650339 ,4.297190352406068
52.07467079509957 ,4.241043685236777
52.037125957952156,4.2923738822637185
52.09802370459922 ,4.314701608030405
52.04563985770342 ,4.362275849193523
52.089785520768096,4.324048926624096
52.065822723785715,4.404610689733235
52.078623136398726,4.292778288260702
52.07652869368395 ,4.254185846246227
52.08059009617817 ,4.327931856741578
52.08061661839986 ,4.336082860746686
52.052321424761885,4.228721116114462
52.08062828248724 ,4.336106177512429
52.0837952611615  ,4.259769656781838
52.0803334583704  ,4.260974047445941
52.078220381783325,4.261813362071682
52.08085388445068 ,4.26805149487985
52.069147449573386,4.275217337016345
52.054850607183994,4.269481049095637
52.07765800940685 ,4.307486000616818
52.0492694108662  ,4.299721105203611
52.0383388953128  ,4.2274162596849365
52.041665896906615,4.224523857008093
52.04422041381408 ,4.227982446461922
52.05960275910375 ,4.270614811292308
52.066562199479925,4.283883912786407
52.06837360917693 ,4.284289001543368
52.04004560544056 ,4.279756146307434
52.084975412736036,4.3351268029775465
52.033469680571784,4.282253896962743
52.06732760301838 ,4.329088147482355
52.10610781535622 ,4.305784918719465
52.0681609877754  ,4.2565298009438886
52.09259546916972 ,4.329117701723029
52.08841044405422 ,4.357528352421723
52.09862992625846 ,4.3644181022643735
52.09688109341657 ,4.333981778973973
52.090681602306965,4.315659735520667
52.07350471826165 ,4.326206455890017
52.0953028750514  ,4.259927210665697
52.042706570246594,4.22669795682809
52.042693671724436,4.2229415666510155
52.04086425703143 ,4.225316208866446
52.06632383365283 ,4.270172892797183
52.088171478055564,4.351826492083784
52.08815629856221 ,4.351827476815332
52.09261272612244 ,4.366967018147719
52.09259777772498 ,4.366967503702221
52.094455730077314,4.363438081823458
52.10413268776975 ,4.359994582597536
52.0203422348521  ,4.3011247133397
52.03490262701179 ,4.37932386982345
52.062757718681965,4.30029759094395
52.06410450848207 ,4.295005527695319
52.06421991298807 ,4.2869351614888975
52.0674291289072  ,4.2872658401661035
52.06618737679953 ,4.275186545676852
52.072636241512825,4.278537689375699
52.0655826251229  ,4.285804525595067
52.070366308810044,4.284307763390018
52.06019331940607 ,4.29251443279326
52.06399093171864 ,4.289669836439041
52.065208508890656,4.297465282778666
52.06314795031235 ,4.292542729652716
52.061896635953744,4.263592880633009
52.089132945755736,4.321883040141746
52.01808256142017 ,4.301032124416065
52.0532129126311  ,4.302231939001194
52.06655382257714 ,4.222449690673952
52.08566690340335 ,4.337206369343097
52.03057281678411 ,4.24649898354562
52.05984751855057 ,4.225508733887834
52.064112136284116,4.346774533816146
52.0700923408278  ,4.340570087451165
52.074925640493795,4.320749108848927
52.084699663129406,4.306832753086187
52.0503835696959  ,4.313569721558321
52.08366587231156 ,4.34844794172972
52.080907864786504,4.34268389150682
52.07486281753356 ,4.259565100972753
52.05967253514764 ,4.263647059425693
52.0774472234861  ,4.325545122613654
52.07032485149286 ,4.294841087691764
52.072035967106544,4.295841737871344
52.07805229798328 ,4.321120781297913
52.098341776177705,4.3044037158542885
52.03447807019408 ,4.373399755670258
52.07720101532519 ,4.259659852189974
52.11157770414364 ,4.283840177193782
52.03695266723896 ,4.287329831241586
52.03974896937881 ,4.290450219032967
52.080680180896074,4.314263690864879
52.02039515646842 ,4.297990091503641
52.0233333262465  ,4.294376436841271
52.078956204886744,4.269625796702931
52.053178907259046,4.300165662429559
52.08032336615267 ,4.324259870227067
52.062817211145756,4.31123921025878
52.062836346243756,4.311280329303095
